Material,Density,ASA_m^2/g,POAV_A^3,POAV_Volume_fraction
NOTT300,1.03926,1648.23,1297.11,0.48999
UTSA20,0.882399,2607.1,3575.36,0.62907
ZIF8,0.909567,1736.33,2488.25,0.49906
UTSA80,0.678215,3188.86,9619.78,0.66798
MgMOF74,0.886275,1842.96,837.198,0.61368
